<?xml version="1.0" encoding="UTF-8" standalone="yes"?>
<addon id="plugin.video.fstream" name="fStream" version="3.0.9b" provider-name="Lomixxx">
    <requires>

        <trycatch>
            <try>
                <import addon="xbmc.python" version="3.0.0"/>
            </try>
            <catch>
                <import addon="xbmc.python" version="2.24.0"/>
            </catch>
        </trycatch>
        <import addon="repository.fstream"/>
        <import addon="script.module.pyqrcode"/>
        <import addon="script.module.requests"/>
        <import addon="script.module.dnspython" optional="true"/>
        <!-- Pour le DEBUG        <import addon="script.module.pydevd" version="4.4.0"/> -->
    </requires>

    <extension point="xbmc.python.pluginsource" library="default.py">
        <provides>video</provides>
    </extension>
 
    <extension point="kodi.context.item">
        <menu id="kodi.core.main">
            <item library="resources/lib/gui/menuInformation.py">
		        <label>[COLOR lightcoral]$ADDON[plugin.video.fstream 30208][/COLOR]</label>
				<visible>Window.IsVisible(home) + ListItem.Property(sMeta)</visible>
            </item>
            <item library="resources/lib/gui/menuAddBookmark.py">
		        <label>[COLOR lightcoral]$ADDON[plugin.video.fstream 30210][/COLOR]</label>
				<visible>Window.IsVisible(home) + !ListItem.Property(isBookmark) + ListItem.Property(sMeta)</visible>
            </item>
            <item library="resources/lib/gui/menuSimil.py">
		        <label>[COLOR lightcoral]$ADDON[plugin.video.fstream 30213][/COLOR]</label>
				<visible>Window.IsVisible(home) + ListItem.Property(sMeta)</visible>
            </item>
            <item library="resources/lib/gui/menuDelBookmark.py">
		        <label>$ADDON[plugin.video.fstream 30412]</label>
				<visible>Window.IsVisible(home) + ListItem.Property(isBookmark)</visible>
            </item>
            <item library="resources/lib/gui/menuDelViewing.py">
		        <label>$ADDON[plugin.video.fstream 30412]</label>
				<visible>Window.IsVisible(home) + ListItem.Property(isViewing)</visible>
            </item>
		</menu>
    </extension>

    <extension point="xbmc.service" library="service.py"/>
    <extension point="xbmc.addon.metadata">
        <summary lang="fr_FR">fStream par Venom, TmpName, Arias800, Razorex, SiZaNiK, Yodidon.</summary>
        <description lang="fr_FR">fStream est un module de streaming Francais, retrouvez tous vos films, series, japanimes, documentaires, reportages, concerts, sports,...</description>
        <disclaimer lang="fr_FR">fStream est un addon de streaming videos. Obtenez du support auprès de notre partenaire [COLOR red]"les alKODIques"[/COLOR].</disclaimer>
        <summary lang="fr_CA">fStream par Venom, TmpName, Arias800, Razorex, SiZaNiK, Yodidon.</summary>
        <description lang="fr_CA">fStream est un module de streaming Francais, trouvez tous vos films, series et mangas.</description>
        <disclaimer lang="fr_CA">fStream est un addon de streaming videos</disclaimer>
        <summary lang="en_GB">fStream by Venom, TmpName, Arias800, Razorex, SiZaNiK, Yodidon.</summary>
        <description lang="en_GB">fStream module and a French streaming, find all your movies, TV shows and mangas.</description>
        <disclaimer lang="en_GB">fStream is a video streaming addon</disclaimer>
        <summary lang="en_NZ">fStream by Venom, TmpName, Arias800, Razorex, SiZaNiK, Yodidon.</summary>
        <description lang="en_NZ">fStream module and a French streaming, find all your movies, TV shows and mangas.</description>
        <disclaimer lang="en_NZ">fStream is a video streaming addon</disclaimer>
        <summary lang="en_US">fStream by Venom, TmpName, Arias800, Razorex, SiZaNiK, Yodidon.</summary>
        <description lang="en_US">fStream module and a French streaming, find all your movies, TV shows and mangas.</description>
        <disclaimer lang="en_US">fStream is a video streaming addon</disclaimer>
        <platform>all</platform>
        <license>GNU GENERAL PUBLIC LICENSE</license>
        <forum>https://github.com/yugnormand/fstream/issues</forum>
        <source>https://github.com/yugnormand/fstream/</source>
        <assets>
            <icon>icon.png</icon>
            <fanart>fanart.jpg</fanart>
            <screenshot>screenshot-01.jpg</screenshot>
            <screenshot>screenshot-02.jpg</screenshot>
            <screenshot>screenshot-03.jpg</screenshot>
        </assets>
    </extension>
</addon>
