<?xml version="1.0" encoding="UTF-8" standalone="yes"?>
<addon id="repository.fstream"
       name="fStream Repository"
        version="1.0.0"
        provider-name="Lomixxx">
    <extension point="xbmc.addon.repository" name="fStream Repository">
    <dir>
        <info compressed="false">https://raw.githubusercontent.com/yugnormand/fstream/refs/heads/master/addons.xml</info>
        <checksum>https://raw.githubusercontent.com/yugnormand/fstream/refs/heads/master/addons.xml.md5</checksum>
        <datadir zip="true">https://yugnormand.github.io/fstream/repo/</datadir>
        <assets>
    <icon>https://yugnormand.github.io/fstream/repo/icon.png</icon>
    <fanart>https://yugnormand.github.io/fstream/repo/fanart.jpg</fanart>
</assets>
    </dir>
   </extension>

    <extension point="xbmc.addon.metadata">
        <summary lang="fr">fStream Repository</summary>
        <description lang="fr">Installer fStream</description>
        <summary lang="en">fStream Repository</summary>
        <description lang="en">Download and install fStream</description>
        <platform>all</platform>
        <assets>
            <icon>icon.png</icon>
            <fanart>fanart.jpg</fanart>
        </assets>
    </extension>
</addon>